index,date,category,title,coverFile,alt,imageKeywords,promptZh,promptEn,sourceSuggestion
1,2024-01-09,本源,本源①：从种子到枯木，一棵树完整的自然生长宿命,muchi-benyuan-01-cover.jpg,原生山林树木生命周期实拍,"树木幼苗, 成熟树干, 枯木, 山林自然光, 时间感","为痴木堂「木痴」专栏文章《本源①：从种子到枯木，一棵树完整的自然生长宿命》制作一张高级木作杂志感封面图。画面主题：一棵树从幼苗到成材再到枯木的自然时间感，画面要有生命轮回与山林气息。。关键词：树木幼苗, 成熟树干, 枯木, 山林自然光, 时间感。风格要求：真实摄影感，自然光，低饱和原木色，克制东方审美，画面干净，有高级木材品牌气质；不要文字，不要logo，不要夸张商业广告感，不要廉价科普插画，不要明显AI痕迹。","Create a premium editorial cover image for a Chinese woodcraft journal article titled ""本源①：从种子到枯木，一棵树完整的自然生长宿命"". Scene direction: 一棵树从幼苗到成材再到枯木的自然时间感，画面要有生命轮回与山林气息。 Keywords: 树木幼苗, 成熟树干, 枯木, 山林自然光, 时间感. Use a realistic photography style, natural light, muted wood tones, restrained East Asian aesthetics, clean composition, premium wood material brand feeling. No text, no logo, no cheap infographic style, no exaggerated advertising look, no obvious AI artifacts.",实拍/生成均可
2,2024-02-09,本源,本源②：硬木与软木，植物学层面的木材界定标准,muchi-benyuan-02-cover.jpg,阔叶硬木与针叶软木横截面对比,"阔叶木, 针叶木, 木材横截面, 植物学分类, 对比","为痴木堂「木痴」专栏文章《本源②：硬木与软木，植物学层面的木材界定标准》制作一张高级木作杂志感封面图。画面主题：阔叶树与针叶树并置，或两类木材横截面对比，强调分类逻辑而不是材质贵贱。。关键词：阔叶木, 针叶木, 木材横截面, 植物学分类, 对比。风格要求：真实摄影感，自然光，低饱和原木色，克制东方审美，画面干净，有高级木材品牌气质；不要文字，不要logo，不要夸张商业广告感，不要廉价科普插画，不要明显AI痕迹。","Create a premium editorial cover image for a Chinese woodcraft journal article titled ""本源②：硬木与软木，植物学层面的木材界定标准"". Scene direction: 阔叶树与针叶树并置，或两类木材横截面对比，强调分类逻辑而不是材质贵贱。 Keywords: 阔叶木, 针叶木, 木材横截面, 植物学分类, 对比. Use a realistic photography style, natural light, muted wood tones, restrained East Asian aesthetics, clean composition, premium wood material brand feeling. No text, no logo, no cheap infographic style, no exaggerated advertising look, no obvious AI artifacts.",实拍优先
3,2024-03-09,本源,本源③：山水纹、虎斑纹、鸟眼纹｜天然木纹的自然形成原理,muchi-benyuan-03-cover.jpg,天然木纹山水纹虎斑纹鸟眼纹特写,"山水纹, 虎斑纹, 鸟眼纹, 天然木纹, 木材肌理","为痴木堂「木痴」专栏文章《本源③：山水纹、虎斑纹、鸟眼纹｜天然木纹的自然形成原理》制作一张高级木作杂志感封面图。画面主题：高质感木纹特写，最好能看到山水纹、虎斑纹或鸟眼纹的自然层次。。关键词：山水纹, 虎斑纹, 鸟眼纹, 天然木纹, 木材肌理。风格要求：真实摄影感，自然光，低饱和原木色，克制东方审美，画面干净，有高级木材品牌气质；不要文字，不要logo，不要夸张商业广告感，不要廉价科普插画，不要明显AI痕迹。","Create a premium editorial cover image for a Chinese woodcraft journal article titled ""本源③：山水纹、虎斑纹、鸟眼纹｜天然木纹的自然形成原理"". Scene direction: 高质感木纹特写，最好能看到山水纹、虎斑纹或鸟眼纹的自然层次。 Keywords: 山水纹, 虎斑纹, 鸟眼纹, 天然木纹, 木材肌理. Use a realistic photography style, natural light, muted wood tones, restrained East Asian aesthetics, clean composition, premium wood material brand feeling. No text, no logo, no cheap infographic style, no exaggerated advertising look, no obvious AI artifacts.",实拍优先
4,2024-03-24,本源,本源④：木疤皆天造｜深度解析树木结疤的成因，活结与死结,muchi-benyuan-04-cover.jpg,天然木疤活结原木特写,"木疤, 活结, 死结, 树干伤口, 原木瑕疵美","为痴木堂「木痴」专栏文章《本源④：木疤皆天造｜深度解析树木结疤的成因，活结与死结》制作一张高级木作杂志感封面图。画面主题：带天然活结的木板或树干结疤特写，画面要温润，不要像瑕疵投诉图。。关键词：木疤, 活结, 死结, 树干伤口, 原木瑕疵美。风格要求：真实摄影感，自然光，低饱和原木色，克制东方审美，画面干净，有高级木材品牌气质；不要文字，不要logo，不要夸张商业广告感，不要廉价科普插画，不要明显AI痕迹。","Create a premium editorial cover image for a Chinese woodcraft journal article titled ""本源④：木疤皆天造｜深度解析树木结疤的成因，活结与死结"". Scene direction: 带天然活结的木板或树干结疤特写，画面要温润，不要像瑕疵投诉图。 Keywords: 木疤, 活结, 死结, 树干伤口, 原木瑕疵美. Use a realistic photography style, natural light, muted wood tones, restrained East Asian aesthetics, clean composition, premium wood material brand feeling. No text, no logo, no cheap infographic style, no exaggerated advertising look, no obvious AI artifacts.",实拍优先
5,2024-04-09,本源,本源⑤：木材含水率｜水汽如何决定一块原木的形态与稳定性,muchi-benyuan-05-cover.jpg,木材含水率与水汽交换场景,"木材含水率, 湿胀干缩, 水汽交换, 湿度计, 原木截面","为痴木堂「木痴」专栏文章《本源⑤：木材含水率｜水汽如何决定一块原木的形态与稳定性》制作一张高级木作杂志感封面图。画面主题：原木横截面、水汽、湿度计或干燥木材并置，表现木材与空气交换水分。。关键词：木材含水率, 湿胀干缩, 水汽交换, 湿度计, 原木截面。风格要求：真实摄影感，自然光，低饱和原木色，克制东方审美，画面干净，有高级木材品牌气质；不要文字，不要logo，不要夸张商业广告感，不要廉价科普插画，不要明显AI痕迹。","Create a premium editorial cover image for a Chinese woodcraft journal article titled ""本源⑤：木材含水率｜水汽如何决定一块原木的形态与稳定性"". Scene direction: 原木横截面、水汽、湿度计或干燥木材并置，表现木材与空气交换水分。 Keywords: 木材含水率, 湿胀干缩, 水汽交换, 湿度计, 原木截面. Use a realistic photography style, natural light, muted wood tones, restrained East Asian aesthetics, clean composition, premium wood material brand feeling. No text, no logo, no cheap infographic style, no exaggerated advertising look, no obvious AI artifacts.",生成/实拍均可
6,2024-05-09,本源,本源⑥：产区气候，如何决定木材先天本质特性,muchi-benyuan-06-cover.jpg,产区气候与山地森林木材来源,"木材产区, 寒带森林, 山地林场, 气候, 水土","为痴木堂「木痴」专栏文章《本源⑥：产区气候，如何决定木材先天本质特性》制作一张高级木作杂志感封面图。画面主题：高纬寒带森林或山地林场远景，带出产区、水土、气候塑造木性的概念。。关键词：木材产区, 寒带森林, 山地林场, 气候, 水土。风格要求：真实摄影感，自然光，低饱和原木色，克制东方审美，画面干净，有高级木材品牌气质；不要文字，不要logo，不要夸张商业广告感，不要廉价科普插画，不要明显AI痕迹。","Create a premium editorial cover image for a Chinese woodcraft journal article titled ""本源⑥：产区气候，如何决定木材先天本质特性"". Scene direction: 高纬寒带森林或山地林场远景，带出产区、水土、气候塑造木性的概念。 Keywords: 木材产区, 寒带森林, 山地林场, 气候, 水土. Use a realistic photography style, natural light, muted wood tones, restrained East Asian aesthetics, clean composition, premium wood material brand feeling. No text, no logo, no cheap infographic style, no exaggerated advertising look, no obvious AI artifacts.",实拍/生成均可
7,2024-05-24,本源,本源⑦：原木物理特性｜热胀冷缩底层逻辑,muchi-benyuan-07-cover.jpg,地暖温度下的原木稳定性示意实拍,"热胀冷缩, 木地板, 地暖, 温度变化, 原木稳定性","为痴木堂「木痴」专栏文章《本源⑦：原木物理特性｜热胀冷缩底层逻辑》制作一张高级木作杂志感封面图。画面主题：室内地暖、木地板截面与温度变化意象，画面克制，不做夸张裂纹。。关键词：热胀冷缩, 木地板, 地暖, 温度变化, 原木稳定性。风格要求：真实摄影感，自然光，低饱和原木色，克制东方审美，画面干净，有高级木材品牌气质；不要文字，不要logo，不要夸张商业广告感，不要廉价科普插画，不要明显AI痕迹。","Create a premium editorial cover image for a Chinese woodcraft journal article titled ""本源⑦：原木物理特性｜热胀冷缩底层逻辑"". Scene direction: 室内地暖、木地板截面与温度变化意象，画面克制，不做夸张裂纹。 Keywords: 热胀冷缩, 木地板, 地暖, 温度变化, 原木稳定性. Use a realistic photography style, natural light, muted wood tones, restrained East Asian aesthetics, clean composition, premium wood material brand feeling. No text, no logo, no cheap infographic style, no exaggerated advertising look, no obvious AI artifacts.",生成更适合
8,2024-06-09,本源,本源⑧：心材VS边材｜树木躯干结构与属性差异,muchi-benyuan-08-cover.jpg,心材边材树干横截面,"心材, 边材, 树干横截面, 年轮, 木材结构","为痴木堂「木痴」专栏文章《本源⑧：心材VS边材｜树木躯干结构与属性差异》制作一张高级木作杂志感封面图。画面主题：清晰树干横截面，心材深、边材浅，最好能自然呈现圈层结构。。关键词：心材, 边材, 树干横截面, 年轮, 木材结构。风格要求：真实摄影感，自然光，低饱和原木色，克制东方审美，画面干净，有高级木材品牌气质；不要文字，不要logo，不要夸张商业广告感，不要廉价科普插画，不要明显AI痕迹。","Create a premium editorial cover image for a Chinese woodcraft journal article titled ""本源⑧：心材VS边材｜树木躯干结构与属性差异"". Scene direction: 清晰树干横截面，心材深、边材浅，最好能自然呈现圈层结构。 Keywords: 心材, 边材, 树干横截面, 年轮, 木材结构. Use a realistic photography style, natural light, muted wood tones, restrained East Asian aesthetics, clean composition, premium wood material brand feeling. No text, no logo, no cheap infographic style, no exaggerated advertising look, no obvious AI artifacts.",实拍优先
9,2024-07-09,辨木,辨木①：阔叶木VS针叶木｜两大主流民用木材底层属性区分,muchi-bianmu-01-cover.jpg,阔叶木针叶木板材对比,"阔叶木, 针叶木, 板材对比, 木纹, 民用木材","为痴木堂「木痴」专栏文章《辨木①：阔叶木VS针叶木｜两大主流民用木材底层属性区分》制作一张高级木作杂志感封面图。画面主题：阔叶木板材与针叶木板材对比陈列，色泽和纹理差异清楚。。关键词：阔叶木, 针叶木, 板材对比, 木纹, 民用木材。风格要求：真实摄影感，自然光，低饱和原木色，克制东方审美，画面干净，有高级木材品牌气质；不要文字，不要logo，不要夸张商业广告感，不要廉价科普插画，不要明显AI痕迹。","Create a premium editorial cover image for a Chinese woodcraft journal article titled ""辨木①：阔叶木VS针叶木｜两大主流民用木材底层属性区分"". Scene direction: 阔叶木板材与针叶木板材对比陈列，色泽和纹理差异清楚。 Keywords: 阔叶木, 针叶木, 板材对比, 木纹, 民用木材. Use a realistic photography style, natural light, muted wood tones, restrained East Asian aesthetics, clean composition, premium wood material brand feeling. No text, no logo, no cheap infographic style, no exaggerated advertising look, no obvious AI artifacts.",实拍优先
10,2024-08-09,辨木,辨木②：黑胡桃/橡木/紫檀/香樟｜热门名贵木材原生特征全解析,muchi-bianmu-02-cover.jpg,热门名贵木材样板集合,"黑胡桃, 橡木, 紫檀, 香樟, 木种样板","为痴木堂「木痴」专栏文章《辨木②：黑胡桃/橡木/紫檀/香樟｜热门名贵木材原生特征全解析》制作一张高级木作杂志感封面图。画面主题：四类木种样板整齐排布，带标签感但不要像商品货架。。关键词：黑胡桃, 橡木, 紫檀, 香樟, 木种样板。风格要求：真实摄影感，自然光，低饱和原木色，克制东方审美，画面干净，有高级木材品牌气质；不要文字，不要logo，不要夸张商业广告感，不要廉价科普插画，不要明显AI痕迹。","Create a premium editorial cover image for a Chinese woodcraft journal article titled ""辨木②：黑胡桃/橡木/紫檀/香樟｜热门名贵木材原生特征全解析"". Scene direction: 四类木种样板整齐排布，带标签感但不要像商品货架。 Keywords: 黑胡桃, 橡木, 紫檀, 香樟, 木种样板. Use a realistic photography style, natural light, muted wood tones, restrained East Asian aesthetics, clean composition, premium wood material brand feeling. No text, no logo, no cheap infographic style, no exaggerated advertising look, no obvious AI artifacts.",实拍/生成均可
11,2024-08-24,辨木,辨木③：天然原木vs人工合成木料｜材质结构本质区别科普,muchi-bianmu-03-cover.jpg,天然原木与人工合成木料截面对比,"天然原木, 合成木料, 人造板, 截面对比, 纤维结构","为痴木堂「木痴」专栏文章《辨木③：天然原木vs人工合成木料｜材质结构本质区别科普》制作一张高级木作杂志感封面图。画面主题：天然原木切面与合成板截面并置，突出纤维连续性和层压结构差异。。关键词：天然原木, 合成木料, 人造板, 截面对比, 纤维结构。风格要求：真实摄影感，自然光，低饱和原木色，克制东方审美，画面干净，有高级木材品牌气质；不要文字，不要logo，不要夸张商业广告感，不要廉价科普插画，不要明显AI痕迹。","Create a premium editorial cover image for a Chinese woodcraft journal article titled ""辨木③：天然原木vs人工合成木料｜材质结构本质区别科普"". Scene direction: 天然原木切面与合成板截面并置，突出纤维连续性和层压结构差异。 Keywords: 天然原木, 合成木料, 人造板, 截面对比, 纤维结构. Use a realistic photography style, natural light, muted wood tones, restrained East Asian aesthetics, clean composition, premium wood material brand feeling. No text, no logo, no cheap infographic style, no exaggerated advertising look, no obvious AI artifacts.",实拍优先
12,2024-09-09,辨木,辨木④：碳化木、防腐木、烘干木｜工艺改性对木材属性的改变,muchi-bianmu-04-cover.jpg,碳化防腐烘干木样对比,"碳化木, 防腐木, 烘干木, 工艺改性, 木样","为痴木堂「木痴」专栏文章《辨木④：碳化木、防腐木、烘干木｜工艺改性对木材属性的改变》制作一张高级木作杂志感封面图。画面主题：碳化木、防腐木、烘干木三种样板排布，质感偏工艺档案。。关键词：碳化木, 防腐木, 烘干木, 工艺改性, 木样。风格要求：真实摄影感，自然光，低饱和原木色，克制东方审美，画面干净，有高级木材品牌气质；不要文字，不要logo，不要夸张商业广告感，不要廉价科普插画，不要明显AI痕迹。","Create a premium editorial cover image for a Chinese woodcraft journal article titled ""辨木④：碳化木、防腐木、烘干木｜工艺改性对木材属性的改变"". Scene direction: 碳化木、防腐木、烘干木三种样板排布，质感偏工艺档案。 Keywords: 碳化木, 防腐木, 烘干木, 工艺改性, 木样. Use a realistic photography style, natural light, muted wood tones, restrained East Asian aesthetics, clean composition, premium wood material brand feeling. No text, no logo, no cheap infographic style, no exaggerated advertising look, no obvious AI artifacts.",生成/实拍均可
13,2024-10-09,辨木,辨木⑤：木材气味从何而来？各类原木独有香气的物质成因,muchi-bianmu-05-cover.jpg,木材香气与木屑细节,"木材气味, 木香, 木屑, 香樟, 手持木片","为痴木堂「木痴」专栏文章《辨木⑤：木材气味从何而来？各类原木独有香气的物质成因》制作一张高级木作杂志感封面图。画面主题：手持木片靠近嗅闻，旁边有木屑、刨花或香樟木细节，画面自然安静。。关键词：木材气味, 木香, 木屑, 香樟, 手持木片。风格要求：真实摄影感，自然光，低饱和原木色，克制东方审美，画面干净，有高级木材品牌气质；不要文字，不要logo，不要夸张商业广告感，不要廉价科普插画，不要明显AI痕迹。","Create a premium editorial cover image for a Chinese woodcraft journal article titled ""辨木⑤：木材气味从何而来？各类原木独有香气的物质成因"". Scene direction: 手持木片靠近嗅闻，旁边有木屑、刨花或香樟木细节，画面自然安静。 Keywords: 木材气味, 木香, 木屑, 香樟, 手持木片. Use a realistic photography style, natural light, muted wood tones, restrained East Asian aesthetics, clean composition, premium wood material brand feeling. No text, no logo, no cheap infographic style, no exaggerated advertising look, no obvious AI artifacts.",生成更适合
14,2024-11-09,辨木,辨木⑥：木材密度详解｜为什么不同木头轻重、硬度差距巨大？,muchi-bianmu-06-cover.jpg,不同密度木块对比,"木材密度, 硬度, 重量, 木块, 孔隙结构","为痴木堂「木痴」专栏文章《辨木⑥：木材密度详解｜为什么不同木头轻重、硬度差距巨大？》制作一张高级木作杂志感封面图。画面主题：不同密度木块在桌面排列，大小相近但色泽、孔隙、质感不同。。关键词：木材密度, 硬度, 重量, 木块, 孔隙结构。风格要求：真实摄影感，自然光，低饱和原木色，克制东方审美，画面干净，有高级木材品牌气质；不要文字，不要logo，不要夸张商业广告感，不要廉价科普插画，不要明显AI痕迹。","Create a premium editorial cover image for a Chinese woodcraft journal article titled ""辨木⑥：木材密度详解｜为什么不同木头轻重、硬度差距巨大？"". Scene direction: 不同密度木块在桌面排列，大小相近但色泽、孔隙、质感不同。 Keywords: 木材密度, 硬度, 重量, 木块, 孔隙结构. Use a realistic photography style, natural light, muted wood tones, restrained East Asian aesthetics, clean composition, premium wood material brand feeling. No text, no logo, no cheap infographic style, no exaggerated advertising look, no obvious AI artifacts.",实拍/生成均可
15,2024-11-24,工法,工法①：原木采伐与树干剖切｜树干拆解基础工艺与物理逻辑,muchi-gongfa-01-cover.jpg,原木剖切与板材成型,"原木采伐, 树干剖切, 锯木, 板材, 木作工艺","为痴木堂「木痴」专栏文章《工法①：原木采伐与树干剖切｜树干拆解基础工艺与物理逻辑》制作一张高级木作杂志感封面图。画面主题：原木剖切现场或锯木台，能看到圆木、切面与板材雏形。。关键词：原木采伐, 树干剖切, 锯木, 板材, 木作工艺。风格要求：真实摄影感，自然光，低饱和原木色，克制东方审美，画面干净，有高级木材品牌气质；不要文字，不要logo，不要夸张商业广告感，不要廉价科普插画，不要明显AI痕迹。","Create a premium editorial cover image for a Chinese woodcraft journal article titled ""工法①：原木采伐与树干剖切｜树干拆解基础工艺与物理逻辑"". Scene direction: 原木剖切现场或锯木台，能看到圆木、切面与板材雏形。 Keywords: 原木采伐, 树干剖切, 锯木, 板材, 木作工艺. Use a realistic photography style, natural light, muted wood tones, restrained East Asian aesthetics, clean composition, premium wood material brand feeling. No text, no logo, no cheap infographic style, no exaggerated advertising look, no obvious AI artifacts.",实拍优先
16,2024-12-09,工法,工法②：自然阴干VS人工窑干｜两大木材脱水烘干工艺深度对比,muchi-gongfa-02-cover.jpg,自然阴干与人工窑干对比,"自然阴干, 人工窑干, 木材干燥, 木材堆叠, 窑房","为痴木堂「木痴」专栏文章《工法②：自然阴干VS人工窑干｜两大木材脱水烘干工艺深度对比》制作一张高级木作杂志感封面图。画面主题：堆叠木材自然风干与窑干设备的对照，可以偏档案纪实。。关键词：自然阴干, 人工窑干, 木材干燥, 木材堆叠, 窑房。风格要求：真实摄影感，自然光，低饱和原木色，克制东方审美，画面干净，有高级木材品牌气质；不要文字，不要logo，不要夸张商业广告感，不要廉价科普插画，不要明显AI痕迹。","Create a premium editorial cover image for a Chinese woodcraft journal article titled ""工法②：自然阴干VS人工窑干｜两大木材脱水烘干工艺深度对比"". Scene direction: 堆叠木材自然风干与窑干设备的对照，可以偏档案纪实。 Keywords: 自然阴干, 人工窑干, 木材干燥, 木材堆叠, 窑房. Use a realistic photography style, natural light, muted wood tones, restrained East Asian aesthetics, clean composition, premium wood material brand feeling. No text, no logo, no cheap infographic style, no exaggerated advertising look, no obvious AI artifacts.",实拍/生成均可
17,2025-01-09,工法,工法③：木料精细化加工：削片、砂磨、抛光｜表层肌理加工原理,muchi-gongfa-03-cover.jpg,手工砂磨抛光木材表面,"砂磨, 抛光, 木屑, 手工加工, 木材触感","为痴木堂「木痴」专栏文章《工法③：木料精细化加工：削片、砂磨、抛光｜表层肌理加工原理》制作一张高级木作杂志感封面图。画面主题：手部砂磨木板表面，木屑细腻，光线温和，突出触感。。关键词：砂磨, 抛光, 木屑, 手工加工, 木材触感。风格要求：真实摄影感，自然光，低饱和原木色，克制东方审美，画面干净，有高级木材品牌气质；不要文字，不要logo，不要夸张商业广告感，不要廉价科普插画，不要明显AI痕迹。","Create a premium editorial cover image for a Chinese woodcraft journal article titled ""工法③：木料精细化加工：削片、砂磨、抛光｜表层肌理加工原理"". Scene direction: 手部砂磨木板表面，木屑细腻，光线温和，突出触感。 Keywords: 砂磨, 抛光, 木屑, 手工加工, 木材触感. Use a realistic photography style, natural light, muted wood tones, restrained East Asian aesthetics, clean composition, premium wood material brand feeling. No text, no logo, no cheap infographic style, no exaggerated advertising look, no obvious AI artifacts.",实拍优先
18,2025-02-09,工法,工法④：传统古法木工｜榫卯结构受力原理与结构美学,muchi-gongfa-04-cover.jpg,榫卯结构木作工艺特写,"榫卯, 古法木工, 木构件, 结构美学, 东方工艺","为痴木堂「木痴」专栏文章《工法④：传统古法木工｜榫卯结构受力原理与结构美学》制作一张高级木作杂志感封面图。画面主题：榫卯结构近景，木构件咬合清楚，兼具工艺和东方美学。。关键词：榫卯, 古法木工, 木构件, 结构美学, 东方工艺。风格要求：真实摄影感，自然光，低饱和原木色，克制东方审美，画面干净，有高级木材品牌气质；不要文字，不要logo，不要夸张商业广告感，不要廉价科普插画，不要明显AI痕迹。","Create a premium editorial cover image for a Chinese woodcraft journal article titled ""工法④：传统古法木工｜榫卯结构受力原理与结构美学"". Scene direction: 榫卯结构近景，木构件咬合清楚，兼具工艺和东方美学。 Keywords: 榫卯, 古法木工, 木构件, 结构美学, 东方工艺. Use a realistic photography style, natural light, muted wood tones, restrained East Asian aesthetics, clean composition, premium wood material brand feeling. No text, no logo, no cheap infographic style, no exaggerated advertising look, no obvious AI artifacts.",实拍优先
19,2025-03-09,工法,工法⑤：现代改性工艺：熏蒸、碳化、浸胶如何重塑木材属性,muchi-gongfa-05-cover.jpg,现代改性工艺木材样板,"熏蒸, 碳化, 浸胶, 改性木材, 工艺处理","为痴木堂「木痴」专栏文章《工法⑤：现代改性工艺：熏蒸、碳化、浸胶如何重塑木材属性》制作一张高级木作杂志感封面图。画面主题：深色碳化木、工艺处理设备或改性木样，画面要专业不工业脏乱。。关键词：熏蒸, 碳化, 浸胶, 改性木材, 工艺处理。风格要求：真实摄影感，自然光，低饱和原木色，克制东方审美，画面干净，有高级木材品牌气质；不要文字，不要logo，不要夸张商业广告感，不要廉价科普插画，不要明显AI痕迹。","Create a premium editorial cover image for a Chinese woodcraft journal article titled ""工法⑤：现代改性工艺：熏蒸、碳化、浸胶如何重塑木材属性"". Scene direction: 深色碳化木、工艺处理设备或改性木样，画面要专业不工业脏乱。 Keywords: 熏蒸, 碳化, 浸胶, 改性木材, 工艺处理. Use a realistic photography style, natural light, muted wood tones, restrained East Asian aesthetics, clean composition, premium wood material brand feeling. No text, no logo, no cheap infographic style, no exaggerated advertising look, no obvious AI artifacts.",生成更适合
20,2025-04-09,工法,工法⑥：木料拼接工艺对比：整板、拼板、指接板工艺原理,muchi-gongfa-06-cover.jpg,整板拼板指接板结构对比,"整板, 拼板, 指接板, 木料拼接, 板材结构","为痴木堂「木痴」专栏文章《工法⑥：木料拼接工艺对比：整板、拼板、指接板工艺原理》制作一张高级木作杂志感封面图。画面主题：整板、拼板、指接板三类板材边缘和表面细节对比。。关键词：整板, 拼板, 指接板, 木料拼接, 板材结构。风格要求：真实摄影感，自然光，低饱和原木色，克制东方审美，画面干净，有高级木材品牌气质；不要文字，不要logo，不要夸张商业广告感，不要廉价科普插画，不要明显AI痕迹。","Create a premium editorial cover image for a Chinese woodcraft journal article titled ""工法⑥：木料拼接工艺对比：整板、拼板、指接板工艺原理"". Scene direction: 整板、拼板、指接板三类板材边缘和表面细节对比。 Keywords: 整板, 拼板, 指接板, 木料拼接, 板材结构. Use a realistic photography style, natural light, muted wood tones, restrained East Asian aesthetics, clean composition, premium wood material brand feeling. No text, no logo, no cheap infographic style, no exaggerated advertising look, no obvious AI artifacts.",实拍/生成均可
21,2025-04-24,栖境,栖境①：古建筑木结构｜承重、防腐场景适配底层逻辑,muchi-qijing-01-cover.jpg,古建筑木结构梁柱细节,"古建筑, 木结构, 梁柱, 防腐, 承重","为痴木堂「木痴」专栏文章《栖境①：古建筑木结构｜承重、防腐场景适配底层逻辑》制作一张高级木作杂志感封面图。画面主题：传统木构建筑梁柱细节，最好有榫卯、檐下或古建木梁。。关键词：古建筑, 木结构, 梁柱, 防腐, 承重。风格要求：真实摄影感，自然光，低饱和原木色，克制东方审美，画面干净，有高级木材品牌气质；不要文字，不要logo，不要夸张商业广告感，不要廉价科普插画，不要明显AI痕迹。","Create a premium editorial cover image for a Chinese woodcraft journal article titled ""栖境①：古建筑木结构｜承重、防腐场景适配底层逻辑"". Scene direction: 传统木构建筑梁柱细节，最好有榫卯、檐下或古建木梁。 Keywords: 古建筑, 木结构, 梁柱, 防腐, 承重. Use a realistic photography style, natural light, muted wood tones, restrained East Asian aesthetics, clean composition, premium wood material brand feeling. No text, no logo, no cheap infographic style, no exaggerated advertising look, no obvious AI artifacts.",实拍优先
22,2025-05-09,栖境,栖境②：人居室内空间｜用材分类：适配地板VS适配家具的木种甄别,muchi-qijing-02-cover.jpg,室内地板与家具木材适配,"室内木作, 木地板, 木家具, 人居空间, 木种适配","为痴木堂「木痴」专栏文章《栖境②：人居室内空间｜用材分类：适配地板VS适配家具的木种甄别》制作一张高级木作杂志感封面图。画面主题：现代室内空间中木地板与木家具同框，突出不同木作部位。。关键词：室内木作, 木地板, 木家具, 人居空间, 木种适配。风格要求：真实摄影感，自然光，低饱和原木色，克制东方审美，画面干净，有高级木材品牌气质；不要文字，不要logo，不要夸张商业广告感，不要廉价科普插画，不要明显AI痕迹。","Create a premium editorial cover image for a Chinese woodcraft journal article titled ""栖境②：人居室内空间｜用材分类：适配地板VS适配家具的木种甄别"". Scene direction: 现代室内空间中木地板与木家具同框，突出不同木作部位。 Keywords: 室内木作, 木地板, 木家具, 人居空间, 木种适配. Use a realistic photography style, natural light, muted wood tones, restrained East Asian aesthetics, clean composition, premium wood material brand feeling. No text, no logo, no cheap infographic style, no exaggerated advertising look, no obvious AI artifacts.",实拍/生成均可
23,2025-06-09,栖境,栖境③：室内软装木构件｜吊顶、踢脚线、背景墙专属适配木材,muchi-qijing-03-cover.jpg,室内木饰面与踢脚线细节,"木饰面, 踢脚线, 背景墙, 吊顶, 室内软装木构件","为痴木堂「木痴」专栏文章《栖境③：室内软装木构件｜吊顶、踢脚线、背景墙专属适配木材》制作一张高级木作杂志感封面图。画面主题：室内木饰面、踢脚线、背景墙局部，构图干净，体现精致收口。。关键词：木饰面, 踢脚线, 背景墙, 吊顶, 室内软装木构件。风格要求：真实摄影感，自然光，低饱和原木色，克制东方审美，画面干净，有高级木材品牌气质；不要文字，不要logo，不要夸张商业广告感，不要廉价科普插画，不要明显AI痕迹。","Create a premium editorial cover image for a Chinese woodcraft journal article titled ""栖境③：室内软装木构件｜吊顶、踢脚线、背景墙专属适配木材"". Scene direction: 室内木饰面、踢脚线、背景墙局部，构图干净，体现精致收口。 Keywords: 木饰面, 踢脚线, 背景墙, 吊顶, 室内软装木构件. Use a realistic photography style, natural light, muted wood tones, restrained East Asian aesthetics, clean composition, premium wood material brand feeling. No text, no logo, no cheap infographic style, no exaggerated advertising look, no obvious AI artifacts.",实拍/生成均可
24,2025-07-09,栖境,栖境④：日常生活场景，全屋家居木器木材选型逻辑,muchi-qijing-04-cover.jpg,全屋家居木器生活场景,"全屋木作, 家居木器, 餐桌, 柜体, 生活场景","为痴木堂「木痴」专栏文章《栖境④：日常生活场景，全屋家居木器木材选型逻辑》制作一张高级木作杂志感封面图。画面主题：餐桌、柜体、地板、木器同处一个温润居家角落，强调日常烟火。。关键词：全屋木作, 家居木器, 餐桌, 柜体, 生活场景。风格要求：真实摄影感，自然光，低饱和原木色，克制东方审美，画面干净，有高级木材品牌气质；不要文字，不要logo，不要夸张商业广告感，不要廉价科普插画，不要明显AI痕迹。","Create a premium editorial cover image for a Chinese woodcraft journal article titled ""栖境④：日常生活场景，全屋家居木器木材选型逻辑"". Scene direction: 餐桌、柜体、地板、木器同处一个温润居家角落，强调日常烟火。 Keywords: 全屋木作, 家居木器, 餐桌, 柜体, 生活场景. Use a realistic photography style, natural light, muted wood tones, restrained East Asian aesthetics, clean composition, premium wood material brand feeling. No text, no logo, no cheap infographic style, no exaggerated advertising look, no obvious AI artifacts.",生成/实拍均可
25,2025-08-09,栖境,栖境⑤：艺术雕刻用材｜纹理与密度选材标准,muchi-qijing-05-cover.jpg,艺术木雕用材与刻刀细节,"木雕, 艺术雕刻, 刻刀, 木纹, 密度","为痴木堂「木痴」专栏文章《栖境⑤：艺术雕刻用材｜纹理与密度选材标准》制作一张高级木作杂志感封面图。画面主题：木雕半成品、刻刀与木纹局部，表现工艺细节和材料选择。。关键词：木雕, 艺术雕刻, 刻刀, 木纹, 密度。风格要求：真实摄影感，自然光，低饱和原木色，克制东方审美，画面干净，有高级木材品牌气质；不要文字，不要logo，不要夸张商业广告感，不要廉价科普插画，不要明显AI痕迹。","Create a premium editorial cover image for a Chinese woodcraft journal article titled ""栖境⑤：艺术雕刻用材｜纹理与密度选材标准"". Scene direction: 木雕半成品、刻刀与木纹局部，表现工艺细节和材料选择。 Keywords: 木雕, 艺术雕刻, 刻刀, 木纹, 密度. Use a realistic photography style, natural light, muted wood tones, restrained East Asian aesthetics, clean composition, premium wood material brand feeling. No text, no logo, no cheap infographic style, no exaggerated advertising look, no obvious AI artifacts.",实拍优先
26,2025-09-09,栖境,栖境⑥：户外景观用材｜露台、栈道、庭院木结构选材逻辑,muchi-qijing-06-cover.jpg,户外庭院木栈道景观,"户外木结构, 木栈道, 露台, 庭院, 耐候木材","为痴木堂「木痴」专栏文章《栖境⑥：户外景观用材｜露台、栈道、庭院木结构选材逻辑》制作一张高级木作杂志感封面图。画面主题：庭院木栈道、露台或户外木结构，带自然光与植物。。关键词：户外木结构, 木栈道, 露台, 庭院, 耐候木材。风格要求：真实摄影感，自然光，低饱和原木色，克制东方审美，画面干净，有高级木材品牌气质；不要文字，不要logo，不要夸张商业广告感，不要廉价科普插画，不要明显AI痕迹。","Create a premium editorial cover image for a Chinese woodcraft journal article titled ""栖境⑥：户外景观用材｜露台、栈道、庭院木结构选材逻辑"". Scene direction: 庭院木栈道、露台或户外木结构，带自然光与植物。 Keywords: 户外木结构, 木栈道, 露台, 庭院, 耐候木材. Use a realistic photography style, natural light, muted wood tones, restrained East Asian aesthetics, clean composition, premium wood material brand feeling. No text, no logo, no cheap infographic style, no exaggerated advertising look, no obvious AI artifacts.",实拍/生成均可
27,2025-10-09,栖境,栖境⑦：潮湿地域居家用木｜南方回南天防潮选木全攻略,muchi-qijing-07-cover.jpg,南方潮湿环境木作防潮,"回南天, 潮湿地区, 防潮, 木地板, 南方居家","为痴木堂「木痴」专栏文章《栖境⑦：潮湿地域居家用木｜南方回南天防潮选木全攻略》制作一张高级木作杂志感封面图。画面主题：南方潮湿居家空间，木地板与除湿/通风意象，避免霉变恐吓画面。。关键词：回南天, 潮湿地区, 防潮, 木地板, 南方居家。风格要求：真实摄影感，自然光，低饱和原木色，克制东方审美，画面干净，有高级木材品牌气质；不要文字，不要logo，不要夸张商业广告感，不要廉价科普插画，不要明显AI痕迹。","Create a premium editorial cover image for a Chinese woodcraft journal article titled ""栖境⑦：潮湿地域居家用木｜南方回南天防潮选木全攻略"". Scene direction: 南方潮湿居家空间，木地板与除湿/通风意象，避免霉变恐吓画面。 Keywords: 回南天, 潮湿地区, 防潮, 木地板, 南方居家. Use a realistic photography style, natural light, muted wood tones, restrained East Asian aesthetics, clean composition, premium wood material brand feeling. No text, no logo, no cheap infographic style, no exaggerated advertising look, no obvious AI artifacts.",生成更适合
28,2025-10-24,栖境,栖境⑧：地暖环境原木用材｜高温烘烤下的高稳定木料甄别,muchi-qijing-08-cover.jpg,地暖环境原木地板稳定性,"地暖, 原木地板, 高稳定木材, 含水率, 室内采暖","为痴木堂「木痴」专栏文章《栖境⑧：地暖环境原木用材｜高温烘烤下的高稳定木料甄别》制作一张高级木作杂志感封面图。画面主题：地暖空间中的木地板剖面或暖光室内地面，表现温度与木性平衡。。关键词：地暖, 原木地板, 高稳定木材, 含水率, 室内采暖。风格要求：真实摄影感，自然光，低饱和原木色，克制东方审美，画面干净，有高级木材品牌气质；不要文字，不要logo，不要夸张商业广告感，不要廉价科普插画，不要明显AI痕迹。","Create a premium editorial cover image for a Chinese woodcraft journal article titled ""栖境⑧：地暖环境原木用材｜高温烘烤下的高稳定木料甄别"". Scene direction: 地暖空间中的木地板剖面或暖光室内地面，表现温度与木性平衡。 Keywords: 地暖, 原木地板, 高稳定木材, 含水率, 室内采暖. Use a realistic photography style, natural light, muted wood tones, restrained East Asian aesthetics, clean composition, premium wood material brand feeling. No text, no logo, no cheap infographic style, no exaggerated advertising look, no obvious AI artifacts.",生成/实拍均可
29,2025-11-09,木语,木语①：木有温度，材无寒凉｜为什么原木最适配人居心境,muchi-muyu-01-cover.jpg,原木温润人居空间,"原木温度, 人居心境, 木地板, 自然光, 温润空间","为痴木堂「木痴」专栏文章《木语①：木有温度，材无寒凉｜为什么原木最适配人居心境》制作一张高级木作杂志感封面图。画面主题：温润木地板或木作空间，晨光、手触、安静生活感。。关键词：原木温度, 人居心境, 木地板, 自然光, 温润空间。风格要求：真实摄影感，自然光，低饱和原木色，克制东方审美，画面干净，有高级木材品牌气质；不要文字，不要logo，不要夸张商业广告感，不要廉价科普插画，不要明显AI痕迹。","Create a premium editorial cover image for a Chinese woodcraft journal article titled ""木语①：木有温度，材无寒凉｜为什么原木最适配人居心境"". Scene direction: 温润木地板或木作空间，晨光、手触、安静生活感。 Keywords: 原木温度, 人居心境, 木地板, 自然光, 温润空间. Use a realistic photography style, natural light, muted wood tones, restrained East Asian aesthetics, clean composition, premium wood material brand feeling. No text, no logo, no cheap infographic style, no exaggerated advertising look, no obvious AI artifacts.",实拍/生成均可
30,2025-12-09,木语,木语②：极简原木美学｜少雕琢，顺本源的东方审美,muchi-muyu-02-cover.jpg,极简原木东方留白空间,"极简原木, 东方审美, 留白, 哑光木作, 克制空间","为痴木堂「木痴」专栏文章《木语②：极简原木美学｜少雕琢，顺本源的东方审美》制作一张高级木作杂志感封面图。画面主题：极简原木空间，留白墙面、低饱和木色、干净线条。。关键词：极简原木, 东方审美, 留白, 哑光木作, 克制空间。风格要求：真实摄影感，自然光，低饱和原木色，克制东方审美，画面干净，有高级木材品牌气质；不要文字，不要logo，不要夸张商业广告感，不要廉价科普插画，不要明显AI痕迹。","Create a premium editorial cover image for a Chinese woodcraft journal article titled ""木语②：极简原木美学｜少雕琢，顺本源的东方审美"". Scene direction: 极简原木空间，留白墙面、低饱和木色、干净线条。 Keywords: 极简原木, 东方审美, 留白, 哑光木作, 克制空间. Use a realistic photography style, natural light, muted wood tones, restrained East Asian aesthetics, clean composition, premium wood material brand feeling. No text, no logo, no cheap infographic style, no exaggerated advertising look, no obvious AI artifacts.",生成/实拍均可
31,2026-01-09,木语,木语③：器物包浆｜岁月沉淀，木头与人的双向滋养,muchi-muyu-03-cover.jpg,老木器包浆与手部摩挲,"木器包浆, 老木器, 手掌, 岁月, 温润质感","为痴木堂「木痴」专栏文章《木语③：器物包浆｜岁月沉淀，木头与人的双向滋养》制作一张高级木作杂志感封面图。画面主题：老木器、手掌摩挲、温润包浆近景，画面带岁月光泽。。关键词：木器包浆, 老木器, 手掌, 岁月, 温润质感。风格要求：真实摄影感，自然光，低饱和原木色，克制东方审美，画面干净，有高级木材品牌气质；不要文字，不要logo，不要夸张商业广告感，不要廉价科普插画，不要明显AI痕迹。","Create a premium editorial cover image for a Chinese woodcraft journal article titled ""木语③：器物包浆｜岁月沉淀，木头与人的双向滋养"". Scene direction: 老木器、手掌摩挲、温润包浆近景，画面带岁月光泽。 Keywords: 木器包浆, 老木器, 手掌, 岁月, 温润质感. Use a realistic photography style, natural light, muted wood tones, restrained East Asian aesthetics, clean composition, premium wood material brand feeling. No text, no logo, no cheap infographic style, no exaggerated advertising look, no obvious AI artifacts.",实拍/生成均可
32,2026-02-09,木语,木语④：中式木韵｜古建筑藏在木料里的东方哲学,muchi-muyu-04-cover.jpg,中式木作古建筑东方木韵,"中式木韵, 古建筑, 木窗, 榫卯, 东方哲学","为痴木堂「木痴」专栏文章《木语④：中式木韵｜古建筑藏在木料里的东方哲学》制作一张高级木作杂志感封面图。画面主题：中式木构、窗棂、梁柱或茶室木作，文化感稳重。。关键词：中式木韵, 古建筑, 木窗, 榫卯, 东方哲学。风格要求：真实摄影感，自然光，低饱和原木色，克制东方审美，画面干净，有高级木材品牌气质；不要文字，不要logo，不要夸张商业广告感，不要廉价科普插画，不要明显AI痕迹。","Create a premium editorial cover image for a Chinese woodcraft journal article titled ""木语④：中式木韵｜古建筑藏在木料里的东方哲学"". Scene direction: 中式木构、窗棂、梁柱或茶室木作，文化感稳重。 Keywords: 中式木韵, 古建筑, 木窗, 榫卯, 东方哲学. Use a realistic photography style, natural light, muted wood tones, restrained East Asian aesthetics, clean composition, premium wood material brand feeling. No text, no logo, no cheap infographic style, no exaggerated advertising look, no obvious AI artifacts.",实拍优先
33,2026-03-09,木语,木语⑤：现代审美vs传统木作｜两种木韵美学的取舍平衡,muchi-muyu-05-cover.jpg,现代与传统木作美学对话,"现代原木, 传统木作, 新中式, 审美平衡, 木器","为痴木堂「木痴」专栏文章《木语⑤：现代审美vs传统木作｜两种木韵美学的取舍平衡》制作一张高级木作杂志感封面图。画面主题：现代原木空间与传统木器同框，形成新旧木韵对话。。关键词：现代原木, 传统木作, 新中式, 审美平衡, 木器。风格要求：真实摄影感，自然光，低饱和原木色，克制东方审美，画面干净，有高级木材品牌气质；不要文字，不要logo，不要夸张商业广告感，不要廉价科普插画，不要明显AI痕迹。","Create a premium editorial cover image for a Chinese woodcraft journal article titled ""木语⑤：现代审美vs传统木作｜两种木韵美学的取舍平衡"". Scene direction: 现代原木空间与传统木器同框，形成新旧木韵对话。 Keywords: 现代原木, 传统木作, 新中式, 审美平衡, 木器. Use a realistic photography style, natural light, muted wood tones, restrained East Asian aesthetics, clean composition, premium wood material brand feeling. No text, no logo, no cheap infographic style, no exaggerated advertising look, no obvious AI artifacts.",生成更适合
34,2026-04-09,短札,短札①：何为木痴｜我与草木相伴的本心,muchi-duanzha-01-cover.jpg,木痴与草木相伴的山林场景,"木痴, 草木相伴, 山林, 原木, 研木人","为痴木堂「木痴」专栏文章《短札①：何为木痴｜我与草木相伴的本心》制作一张高级木作杂志感封面图。画面主题：人站在木料或山林之间，带观察、沉思和草木陪伴感，少露脸。。关键词：木痴, 草木相伴, 山林, 原木, 研木人。风格要求：真实摄影感，自然光，低饱和原木色，克制东方审美，画面干净，有高级木材品牌气质；不要文字，不要logo，不要夸张商业广告感，不要廉价科普插画，不要明显AI痕迹。","Create a premium editorial cover image for a Chinese woodcraft journal article titled ""短札①：何为木痴｜我与草木相伴的本心"". Scene direction: 人站在木料或山林之间，带观察、沉思和草木陪伴感，少露脸。 Keywords: 木痴, 草木相伴, 山林, 原木, 研木人. Use a realistic photography style, natural light, muted wood tones, restrained East Asian aesthetics, clean composition, premium wood material brand feeling. No text, no logo, no cheap infographic style, no exaggerated advertising look, no obvious AI artifacts.",生成/实拍均可
35,2026-05-09,短札,短札②：良木无完美｜接纳原木的天然缺憾,muchi-duanzha-02-cover.jpg,接纳原木天然缺憾木纹,"良木无完美, 天然缺憾, 活结, 色差, 原木本色","为痴木堂「木痴」专栏文章《短札②：良木无完美｜接纳原木的天然缺憾》制作一张高级木作杂志感封面图。画面主题：带轻微色差、活结和自然纹理的木板，画面温柔干净。。关键词：良木无完美, 天然缺憾, 活结, 色差, 原木本色。风格要求：真实摄影感，自然光，低饱和原木色，克制东方审美，画面干净，有高级木材品牌气质；不要文字，不要logo，不要夸张商业广告感，不要廉价科普插画，不要明显AI痕迹。","Create a premium editorial cover image for a Chinese woodcraft journal article titled ""短札②：良木无完美｜接纳原木的天然缺憾"". Scene direction: 带轻微色差、活结和自然纹理的木板，画面温柔干净。 Keywords: 良木无完美, 天然缺憾, 活结, 色差, 原木本色. Use a realistic photography style, natural light, muted wood tones, restrained East Asian aesthetics, clean composition, premium wood material brand feeling. No text, no logo, no cheap infographic style, no exaggerated advertising look, no obvious AI artifacts.",实拍优先
36,2026-06-09,短札,短札③：敬畏自然，惜木善用｜用材之人的底层初心,muchi-duanzha-03-cover.jpg,惜木善用分级用材木作台,"惜木善用, 分级用材, 边角料, 木作台, 自然敬畏","为痴木堂「木痴」专栏文章《短札③：敬畏自然，惜木善用｜用材之人的底层初心》制作一张高级木作杂志感封面图。画面主题：边角木料、木作台面、分级用材场景，体现节制与物尽其用。。关键词：惜木善用, 分级用材, 边角料, 木作台, 自然敬畏。风格要求：真实摄影感，自然光，低饱和原木色，克制东方审美，画面干净，有高级木材品牌气质；不要文字，不要logo，不要夸张商业广告感，不要廉价科普插画，不要明显AI痕迹。","Create a premium editorial cover image for a Chinese woodcraft journal article titled ""短札③：敬畏自然，惜木善用｜用材之人的底层初心"". Scene direction: 边角木料、木作台面、分级用材场景，体现节制与物尽其用。 Keywords: 惜木善用, 分级用材, 边角料, 木作台, 自然敬畏. Use a realistic photography style, natural light, muted wood tones, restrained East Asian aesthetics, clean composition, premium wood material brand feeling. No text, no logo, no cheap infographic style, no exaggerated advertising look, no obvious AI artifacts.",生成/实拍均可
37,2026-07-09,短札,短札④：终章｜一木一浮生，专栏结语,muchi-duanzha-04-cover.jpg,一木一浮生专栏终章封面,"一木一浮生, 专栏终章, 山林, 原木, 人居木作","为痴木堂「木痴」专栏文章《短札④：终章｜一木一浮生，专栏结语》制作一张高级木作杂志感封面图。画面主题：山林原木与室内木作之间的过渡意象，作为整套专栏收束封面。。关键词：一木一浮生, 专栏终章, 山林, 原木, 人居木作。风格要求：真实摄影感，自然光，低饱和原木色，克制东方审美，画面干净，有高级木材品牌气质；不要文字，不要logo，不要夸张商业广告感，不要廉价科普插画，不要明显AI痕迹。","Create a premium editorial cover image for a Chinese woodcraft journal article titled ""短札④：终章｜一木一浮生，专栏结语"". Scene direction: 山林原木与室内木作之间的过渡意象，作为整套专栏收束封面。 Keywords: 一木一浮生, 专栏终章, 山林, 原木, 人居木作. Use a realistic photography style, natural light, muted wood tones, restrained East Asian aesthetics, clean composition, premium wood material brand feeling. No text, no logo, no cheap infographic style, no exaggerated advertising look, no obvious AI artifacts.",生成/实拍均可
